title  tagsRT @fred_guttenberg: This is exactly what America wants to say to the current occupant of the White House.  This is the reality of how Amer‚Ä¶RT @ELMASGODO: Mi vecina vot√≥ dos veces por Obama, pero dice que le admira a Donald Trump la berraquera y coraje con que se enfrenta a la o‚Ä¶RT @ToscaAusten: Media would choke if a white musician shamed a Black Obama supporter and screamed at him to say 
‚ÄòFüç∑@@ Obama‚Äô onstage.   h‚Ä¶RT @APDeniseW: Even the French know  ü§£ü§£ Trump played himself https://t.co/Y1oSAJehoyRT @renato_mariotti: Chicago is not the war zone that Donald Trump makes it out to be.  He would know that if he spent time among the many‚Ä¶RT @travisakers: Has higher approval ratings than Donald Trump and is more qualified to be President. https://t.co/GGODIaral8RT @WesSmith123: Only Donald Trump could turn the announcement of the Special Forces successful, daring mission to rid the World of Baghdad‚Ä¶RT @edgeofday: Trump nominates man whose firm tripled price of insulin to regulate drug companies https://t.co/6PVHOoYGlETraitorous trump sullied the office of the presidency beyond recognition. @gop needs to admit the damage and apply‚Ä¶ https://t.co/nbl5unxfxyRT @PalmerReport: #LockHimUp ‚Äì Donald Trump just got a huge taste of his own medicine at the World Series  https://t.co/PJwnEtdZcT via @Pal‚Ä¶@BruceMilner56 @KarenPyne10 @GOPoversight @Jim_Jordan @RepMarkMeadows @RepAdamSchiff https://t.co/sMHl1RdmpLRT @johnlundin: If Donald Trump hated last night, he‚Äôs going to really hate today. #ChicagoTrumpProtest #LockHimUp https://t.co/MDL4QzRypq‚Ä¶RT @BetteMidler: Dear Donnie,
I don't think it's a good idea for you to go to a Nationals game!  The crowd has taken your slogan and used i‚Ä¶Donald Trump und die Bagdadi-T√∂tung: Ein Erfolg mit vielen Fragezeichen - https://t.co/ebK0kmoTQm via @watson_newsRT @Rosie: MSNBC‚Äôs Joe Scarborough screws up royally - calls World Series fans ‚Äòun-American‚Äô over anti-Trump ‚Äòlock him up‚Äô chants - the nat‚Ä¶RT @AndrewGillum: I‚Äôm with @KamalaHarris on this one. #HBCU's are the conscience of communities of color, not a platform for Donald Trump's‚Ä¶RT @C4Dispatches: Dispatches discovers how Donald Trump‚Äôs allies and US drug giants want to force the NHS to pay more for US medicines.

Ta‚Ä¶RT @PalmerReport: Donald Trump's day so far:

- House voting on impeachment resolution on Thursday
- Testimony and transcripts will become‚Ä¶RT @justinhendrix: Donald Trump caged children, separated hundreds of babies from their parents. Donald Trump is a wretched bigot who incit‚Ä¶RT @UKDemockery: Trump's Plan For The NHS - @C4Dispatches (8pm @Channel4)

‚û°Ô∏è https://t.co/MqpQkA2vUw

Tories clearly rattled by this repor‚Ä¶@GOPoversight @realDonaldTrump @Jim_Jordan @RepMarkMeadows @RepAdamSchiff https://t.co/VYAAKFXWHqRT @johnlundin: If Donald Trump hated last night, he‚Äôs going to really hate today. #ChicagoTrumpProtest #LockHimUp https://t.co/MDL4QzRypq‚Ä¶RT @XXL: YG invites fan on stage to yell out "F**k Donald Trump," kicks him off after he refuses  https://t.co/7z9r9gVXavRT @stclairashley: Rapper YG shamed a fan on stage because the kid refused to say ‚ÄúF**k Donald Trump‚Äù

I led people to YG‚Äôs last Instagram‚Ä¶RT @farrarpjoy: ‚Å¶@GOP‚Å©
When u really look at it.. couple of them smiling General looking right at CAMERA u don‚Äôt need  ‚Å¶@PeteSouza‚Å© to tell‚Ä¶RT @CoConator29: This whole thing snapped Nan back to reality for a few very uncomfortable moments. Once again she was made to realize that‚Ä¶Why booing Donald Trump doesn't mean what you think it means - CNNPolitics https://t.co/H9hbG7HhebRT @whatifisaidit: GOP senators struggling to come up with any way to defend Trump from impeachment https://t.co/bbFqK4C7Bb
We understand.‚Ä¶RT @rmayemsinger: No matter who wins the World Series, we all won tonight watching an entire stadium's reaction to the presence of Donald T‚Ä¶RT @renato_mariotti: Chicago is not the war zone that Donald Trump makes it out to be.  He would know that if he spent time among the many‚Ä¶RT @kyledcheney: @heatherscope The proposal is titled "Directing certain committees to continue their ongoing investigations as part of the‚Ä¶RT @XXL: YG invites fan on stage to yell out "F**k Donald Trump," kicks him off after he refuses  https://t.co/7z9r9gVXavRT @C4Dispatches: Dispatches discovers how Donald Trump‚Äôs allies and US drug giants want to force the NHS to pay more for US medicines.

Ta‚Ä¶RT @TomSteyer: Donald Trump and his family are lining their pockets with taxpayer money. It's wrong. It's also unconstitutional. https://t.‚Ä¶RT @PalmerReport: Donald Trump's day so far:

- House voting on impeachment resolution on Thursday
- Testimony and transcripts will become‚Ä¶RT @oxminaox: Congresswoman Katie Hill‚Äôs abusive ex-husband leaked nude photos of her. She resigned today from Congress. 

Donald Trump has‚Ä¶RT @JoeBiden: We cannot afford four more years of Donald Trump. https://t.co/KInHL475GtRT @jarevalo527: if YG asks me to yell out FUCK DONALD TRUMP best believe im losing my voice saying that shit https://t.co/8VpHz4Zsx1RT @roxyoak: US officials say ‚Äòrisky‚Äô ISIS raid ‚Äòhappened largely in spite of President Trump‚Äôs actions. While Donald Trump was busy kissin‚Ä¶RT @kyledcheney: @heatherscope The proposal is titled "Directing certain committees to continue their ongoing investigations as part of the‚Ä¶RT @UKDemockery: Trump's Plan For The NHS - @C4Dispatches (8pm @Channel4)

‚û°Ô∏è https://t.co/MqpQkA2vUw

Tories clearly rattled by this repor‚Ä¶RT @joshtpm: As @Kate_Riga24 reminds us, the night Obama put in motion the raid that killed bin Laden was the very night he roasted Donald‚Ä¶@AndrewHClark Hey Joe, I'm sending my "negligible" tax cut to Donald Trump for #KAG2020 ...RT @jarevalo527: if YG asks me to yell out FUCK DONALD TRUMP best believe im losing my voice saying that shit https://t.co/8VpHz4Zsx1RT @Kevin_Shipp: It appears former CIA Director James Woolsey sits on the board of directors of Ukrainian company Velta. Velta produces Ukr‚Ä¶@DonaldJTrumpJr Fredo, unless your little brother is living in a bubble he's well aware of how despised Donald J Tr‚Ä¶ https://t.co/O4MNeEjCXC@realDonaldTrump https://t.co/VYAAKFXWHqRT @ProudResister: Donald Trump has:

‚úÖ Invited Russia to attack our election

‚úÖ Obstructed justice multiple times

‚úÖ Extorted the presiden‚Ä¶..and we cant afford even 4 yrs of you either.   #Bernie2020RT @SethCotlar: Karma moved on him like a bitch. https://t.co/fsdcvUCjX4RT @yovotoalgato: Les dejo esta perlita de Donald Trump. Para entender lo que pasa en Iberoam√©rica, otros pa√≠ses del orbe y por qu√© los Mad‚Ä¶RT @roxyoak: US officials say ‚Äòrisky‚Äô ISIS raid ‚Äòhappened largely in spite of President Trump‚Äôs actions. While Donald Trump was busy kissin‚Ä¶RT @WordswithSteph: Donald Trump was greeted with angry boos at Game 5 of the World Series. Fans chanted rousing Resister refrains of ‚Äúlock‚Ä¶RT @JoeBiden: Donald Trump has no strategy for securing our nation against terrorist threats. He has no strategy for anything. Every day th‚Ä¶RT @BetteMidler: Dear Donnie,
I don't think it's a good idea for you to go to a Nationals game!  The crowd has taken your slogan and used i‚Ä¶Det oresonliga &amp; fanatiska har f√∂tts &amp; g√∂tts p√• olika vis  av n√•gon, n√•gra, flera eller m√•nga. Donald Trump &amp; hans‚Ä¶ https://t.co/OmfgrgawUxFraud Of Donald Trump's Self-Made Persona Exposed In Father's Financials... https://t.co/omO4re5r5m via @YouTubeRT @SykesCharlie: "If President Donald Trump is impeached ‚Ä¶ and removed from office, or defeated in next year‚Äôs election, the political bac‚Ä¶RT @UKDemockery: Trump's Plan For The NHS - @C4Dispatches (8pm @Channel4)

‚û°Ô∏è https://t.co/MqpQkA2vUw

Tories clearly rattled by this repor‚Ä¶RT @JerseyGirl_555: JOE BIDEN IS A LOSER AND WILL BE OUT OF THE RACE SOON! How‚Äôs your son, Joe? You should ask him for some $$$, he‚Äôs got p‚Ä¶RT @oxminaox: Congresswoman Katie Hill‚Äôs abusive ex-husband leaked nude photos of her. She resigned today from Congress. 

Donald Trump has‚Ä¶RT @jmsexton_: All the President's Women review: Donald Trump, sexual predator 
https://t.co/VOxNFmnzst 
#SexAbuse #Adultery #Evangelicals