title	tags
RT @AaronLeuer: An attempt to formally remove Donald Trump from office will be the biggest political miscalculation in the history of our c‚Ä¶  ['Donald Trump']RT @RealDeanCain: Disgusting. https://t.co/xfubbq0p1j  ['Donald Trump']RT @JoeBiden: Donald Trump has no strategy for securing our nation against terrorist threats. He has no strategy for anything. Every day th‚Ä¶  ['Donald Trump']RT @HoarseWisperer: For the first time in his three-year presidency, Donald Trump faced a crowd made up of actual constituents and not just‚Ä¶  ['Donald Trump']RT @DavidCayJ: re dislike for my column:

My concern is only for the health our democracy after Donald is gone, hopefully prosecuted.

Be w‚Ä¶  ['Donald Trump']RT @oxminaox: Congresswoman Katie Hill‚Äôs abusive ex-husband leaked nude photos of her. She resigned today from Congress. 

Donald Trump has‚Ä¶  ['Donald Trump']RT @XXL: YG invites fan on stage to yell out "F**k Donald Trump," kicks him off after he refuses  https://t.co/7z9r9gVXav  ['Donald Trump']RT @danpfeiffer: ‚ÄúLet‚Äôs check in with our North Korean correspondent for a report on last night‚Äôs game‚Äù https://t.co/I2YOOVYiO2  ['Donald Trump']RT @RealDeanCain: Disgusting. https://t.co/xfubbq0p1j  ['Donald Trump']Tolerant left all they want is you to agree with them if u don‚Äôt your A racist.  ['Donald Trump']Raid photos highlight stark differences between Trump and Obama
‚Ä¢ LIVE: Top US general doesn't know where Trump got‚Ä¶ https://t.co/LKWh7SjzUM  ['Donald Trump']RT @NKrystal: Whewwww when the tories sell the NHS for parts &amp; you‚Äôre paying ¬£20 for paracetamol instead of 20p üôÉüôÉ https://t.co/9Hs2fUHgWD  ['Donald Trump']RT @XXL: YG invites fan on stage to yell out "F**k Donald Trump," kicks him off after he refuses  https://t.co/7z9r9gVXav  ['Donald Trump']The Lightbulbs are going off everywhere! Thank you , you crazy Dems!!üòúüá∫üá∏‚ù§Ô∏èüëçüí°üí°üí°üí°üí°  ['Donald Trump']RT @rschallom: ‚ÄúThat‚Äôs why these scandals where he‚Äôs abusing power are so problematic for those very voters. The reason they were willing t‚Ä¶  ['Donald Trump']RT @catturd2: One day the greatest President in US history Donald J Trump will retweet @catturd2. 

I‚Äôm going to will it.  ['Donald Trump']RT @shannonrwatts: Nats fans boo Donald Trump after he‚Äôs shown on the big screen and then chant, ‚ÄúLock him up.‚Äù

https://t.co/WJvgbyDb4e  ['Donald Trump']RT @BBaardsen: Kan virkelig @Venstre og @KrFNorge st√∏tte ratifisering av denne avtalen? @Trinesg @KetilKjenseth @kjellingolf 

Skremmende a‚Ä¶  ['Donald Trump']RT @PalmerReport: Nancy Pelosi says she‚Äôs taking Donald Trump‚Äôs impeachment to the next level https://t.co/LnQdzBiYpo  ['Donald Trump']Go to hell, Rand.  ['Donald Trump']RT @PalmerReport: If Donald Trump hated last night, he‚Äôs going to really hate today #ChicagoTrumpProtest  https://t.co/lyQJ2ruYsW  ['ChicagoTrumpProtest']RT @PalmerReport: If you‚Äôre still supporting Donald Trump, seriously, go fuck yourself.  ['Donald Trump']RT @DerekCressman: Donald got what he wanted: Democrats Plan First Floor Vote on Impeachment Inquiry 

Happy now? https://t.co/stw1lGGITM  ['Donald Trump']RT @danozzi: all trump supporters should be publicly humiliated by the creators of the art they enjoy until they‚Äôve got no culture left but‚Ä¶  ['Donald Trump']You could also have titled this piece, "A Tale of Two Pictures".  ['Donald Trump']RT @keithboykin: I‚Äôm 100 percent with Andrew Gillum and Kamala Harris on this one. It‚Äôs an insult to HBCUs and to black communities for Tru‚Ä¶  ['Donald Trump']RT @COsweda: Actually, he loved it.

Leftists are working overtime to increase the Trump 2020 landslide.

Sane Americans are the ones seeth‚Ä¶  ['Donald Trump']You can't make a silk purse out of a sow's ear-----  ['Donald Trump']RT @shannonrwatts: Nats fans boo Donald Trump after he‚Äôs shown on the big screen and then chant, ‚ÄúLock him up.‚Äù

https://t.co/WJvgbyDb4e  ['Donald Trump']RT @JonAshworth: More on that Trump trade deal with the NHS on the table that the Tory Party is gung-ho for üëá https://t.co/u1l6II2RKR  ['Donald Trump']RT @JulietB270880: üí•DO NOT WATCH THISüí•

Is the clear message coming from Johnson &amp; Tories as they tried desperately to drown out @jeremycor‚Ä¶  ['Donald Trump']RT @JonAshworth: More on that Trump trade deal with the NHS on the table that the Tory Party is gung-ho for üëá https://t.co/u1l6II2RKR  ['Donald Trump']RT @InactionNever: @DearAuntCrabby @Morning_Joe @JoeNBC @joenbc is human garbage.
Don‚Äôt take my word for it, watch the video clip below.‚Ä¶  ['Donald Trump']RT @isentoes2: Donald Trump quebrou o protocolo, detalhou a a√ß√£o que aniquilou o l√≠der do ISIS e disse que o terrorista morreu como um cach‚Ä¶  ['Donald Trump']Rapper YG boots fan from concert for refusing to yell 'F-- Donald Trump' https://t.co/4dRRwDs8lv  ['Donald Trump']Somebody shut him up before his lies destroy us all https://t.co/fHxkXYaN2Z  ['Donald Trump']RT @jarevalo527: if YG asks me to yell out FUCK DONALD TRUMP best believe im losing my voice saying that shit https://t.co/8VpHz4Zsx1  ['Donald Trump']RT @isentoes2: Donald Trump quebrou o protocolo, detalhou a a√ß√£o que aniquilou o l√≠der do ISIS e disse que o terrorista morreu como um cach‚Ä¶  ['Donald Trump']RT @DanaScottlo: Winning: Trump Boos Reached ‚ÄúAlmost 100 Decibels‚Äù at Nationals World Series Game

Being booed along with chants of ‚Äúlock h‚Ä¶  ['Donald Trump']RT @CanadensisMax: Doug Ford is every bit as incompetent and corrupt as Donald Trump is. https://t.co/7ylzsvrLhr  ['Donald Trump']this is disgusting.

YOU ARE FREE TO THINK AND SUPPORT WHO YOU WANT. 

It‚Äôs our first amendment right.  ['Donald Trump']RT @joncoopertweets: An Entire Baseball Stadium Just Booed The Soul Out Of Donald Trump https://t.co/cD5169ywNZ  ['Donald Trump']Trump in Chicago live updates: Downtown protests breaking up as president heads back to Washington https://t.co/hwhUaXgYCN  ['Donald Trump']RT @JarodNotJared: This is definitely my favorite tweet Donald Trump has ever put out. Good doggo... https://t.co/uyXuNq1F9o  ['Donald Trump']RT @joncoopertweets: Oh Shut Up, Morning Joe ‚Äî Booing Donald Trump Is Extremely Patriotic https://t.co/IMWZm9d2IE  ['Donald Trump']RT @iitsarmand: How we treat Donald Trump supporters üëä ‚ùå!! YG Mala Luna Festival San Antonio 2019 https://t.co/Ov6UTaZqSu  ['Donald Trump']RT @AlwaysActions: The reason why President
Donald J. Trump won the
republican nomination üá∫üá∏ https://t.co/xmbtN1frrX  ['Donald Trump']RT @JoeBiden: The Russians don't want me to be president, and Trump doesn't want me to be the nominee. But they picked a fight with the wro‚Ä¶  ['Donald Trump']RT @jdice03: Imagine if Donald Trump condemned Russia‚Äôs election meddling as much as he just condemned Chicago‚Äôs police officers. https://t‚Ä¶  ['Donald Trump']RT @JonAshworth: More on that Trump trade deal with the NHS on the table that the Tory Party is gung-ho for üëá https://t.co/u1l6II2RKR  ['Donald Trump']RT @BetteMidler: Dear Donnie,
I don't think it's a good idea for you to go to a Nationals game!  The crowd has taken your slogan and used i‚Ä¶  ['Donald Trump']RT @jarevalo527: if YG asks me to yell out FUCK DONALD TRUMP best believe im losing my voice saying that shit https://t.co/8VpHz4Zsx1  ['Donald Trump']RT @AaronLeuer: An attempt to formally remove Donald Trump from office will be the biggest political miscalculation in the history of our c‚Ä¶  ['Donald Trump']RT @edgeofday: Trump nominates man whose firm tripled price of insulin to regulate drug companies https://t.co/6PVHOoYGlE  ['Donald Trump']RT @MichaelH14: Our NHS would lose out under a Johnson Trump negoitiated trade deal following a Johnson Brexit. https://t.co/B3WUt766VB  ['Donald Trump']RT @catturd2: One day the greatest President in US history Donald J Trump will retweet @catturd2. 

I‚Äôm going to will it.  ['Donald Trump']@realDonaldTrump 63 MILLION Americans want Donald Trump as President! üá∫üá∏  ['Donald Trump']RT @C4Dispatches: Dispatches discovers how Donald Trump‚Äôs allies and US drug giants want to force the NHS to pay more for US medicines.

Ta‚Ä¶  ['Donald Trump']RT @C4Dispatches: Dispatches discovers how Donald Trump‚Äôs allies and US drug giants want to force the NHS to pay more for US medicines.

Ta‚Ä¶  ['Donald Trump']RT @isentoes2: Donald Trump quebrou o protocolo, detalhou a a√ß√£o que aniquilou o l√≠der do ISIS e disse que o terrorista morreu como um cach‚Ä¶  ['Donald Trump']RT @immoe_style: CNN said nicki got the best Halloween costume and they also said n I quote :

‚Äú even Donald trump wig couldn‚Äôt Top her" ht‚Ä¶  ['Donald Trump']RT @JonAshworth: More on that Trump trade deal with the NHS on the table that the Tory Party is gung-ho for üëá https://t.co/u1l6II2RKR  ['Donald Trump']RT @jarevalo527: if YG asks me to yell out FUCK DONALD TRUMP best believe im losing my voice saying that shit https://t.co/8VpHz4Zsx1  ['Donald Trump']RT @AlwaysActions: @charliekirk11 @CNN https://t.co/VYAAKFXWHq  ['Donald Trump']RT @C4Dispatches: Dispatches discovers how Donald Trump‚Äôs allies and US drug giants want to force the NHS to pay more for US medicines.

Ta‚Ä¶  ['Donald Trump']RT @GeorgeTakei: Welcome to the real America, Donald. https://t.co/LtfMj6zw21  ['Donald Trump']@JWepp Fuck Donald trump  ['Donald Trump']RT @C4Dispatches: Congressman Mark Meadows believes drug pricing has to be part of any US-UK trade deal. 

He‚Äôs a key ally of President Don‚Ä¶  ['Donald Trump']RT @SuriusVsVodka: If @YG is so brave for throwing a FAN off stage because he wouldn‚Äôt say ‚ÄúF*** Donald Trump‚Äù then I wonder if he‚Äôs willin‚Ä¶  ['Donald Trump']RT @Bruno062418: @CaptainLives @WhiteSpir1t @ChrisSlaterr 20/ Now?  RE-WATCH "This video will get Donald Trump Elected" and LISTEN for how‚Ä¶  ['Donald Trump']RT @ElieNYC: I think Donald Trump has been more disrespectful to the office of the President of the United States than a stadium full of Am‚Ä¶  ['Donald Trump']RT @WashTimes: Rapper YG boots fan from concert for refusing to yell 'F-- Donald Trump' https://t.co/4dRRwDs8lv  ['Donald Trump']RT @nccreative4: Now poll:

Regardless of who is your favorite presidential candidate, if the election came down to Tulsi Gabbard and Donal‚Ä¶  ['Donald Trump']@14UK @darinp2 @FactKirk @charliekirk11 https://t.co/9IiPZdTF5c  ['Donald Trump']‚ÄúZach‚Äù is under the impression that 70% of the people in the United States oppose Donald Trump. Zach is a moron. Do‚Ä¶ https://t.co/20ar7N78jI  ['Donald Trump']RT @CanadensisMax: Doug Ford is every bit as incompetent and corrupt as Donald Trump is. https://t.co/7ylzsvrLhr  ['Donald Trump']RT @DerekCressman: Donald got what he wanted: Democrats Plan First Floor Vote on Impeachment Inquiry 

Happy now? https://t.co/stw1lGGITM  ['Donald Trump']RT @mog7546: #RandPaul COMPLAINS about 'INCIVILITY' months after telling Rep. Omar to leave the country

The #Kentucky Republican offered t‚Ä¶  ['RandPaul', 'Kentucky']RT @NewYorker: With a little more than a year to go until the next election, candidates have already spent more than $63 million marketing‚Ä¶  ['Donald Trump']Le rappeur YG vire un spectateur de son concert apr√®s qu‚Äôil ait refus√© d‚Äôinsulter Donald Trump https://t.co/hdlvlirYSU  ['Donald Trump']RT @catturd2: One day the greatest President in US history Donald J Trump will retweet @catturd2. 

I‚Äôm going to will it.  ['Donald Trump']RT @danozzi: all trump supporters should be publicly humiliated by the creators of the art they enjoy until they‚Äôve got no culture left but‚Ä¶  ['Donald Trump']RT @Fly_Sistah: @DanaWarnke @morningmika I'm really over her trying to act like she wasn't complicit in getting Trump elected. The internet‚Ä¶  ['Donald Trump']RT @brhodes: Somehow I don‚Äôt think the root of the ugliness in our politics is whether Sarah Sanders has an unpleasant experience at Red He‚Ä¶  ['Donald Trump']RT @cobiray: Love it when the ‚Äúdrain the swap‚Äù guy just brings people in to shit in an already overflowing toilet. https://t.co/XEhV6tYIr6  ['Donald Trump']RT @KessenaO: Oh come on!  
@JoeConchaTV your being unfair!

Now we are all forgetting the one key person who stood in the way of The Obama‚Ä¶  ['Donald Trump']John Kelly just said something very, very damning about Donald Trump  Pre-Order Now! https://t.co/3cyoQFkBBf #trump‚Ä¶ https://t.co/mGtOwNis1r  ['trump']RT @edgeofday: Trump nominates man whose firm tripled price of insulin to regulate drug companies https://t.co/6PVHOoYGlE  ['Donald Trump']RT @RushT2T: And maybe Barron had school the next day.

My parents took me to many baseball games when I was his age, but never a night gam‚Ä¶  ['Donald Trump']RT @BillTzamaras: #PresidentFUBAR was booed for taking children from their families; running up the national debt; cheerleading violence ag‚Ä¶  ['PresidentFUBAR']RT @CanadensisMax: Doug Ford is every bit as incompetent and corrupt as Donald Trump is. https://t.co/7ylzsvrLhr  ['Donald Trump']RT @TheRynheart: ‚ÄòEvangelical Christian Pastor Perry Stone has claimed that Democratic lawmakers "have demons in them" and are "trying to p‚Ä¶  ['Donald Trump']RT @mikememoli: That's the day before @JoeBiden files his paperwork in NH. 

Fun fact: Biden, as sitting VP, also filed Obama's paperwork i‚Ä¶  ['Donald Trump']Maaaaannnn FUCK DONALD TRUMP!  ['Donald Trump']RT @CretinusAlp: Premi√®re erreur : √©couter du rap.

Seconde erreur : assister √† un "concert de rap". https://t.co/yWpzGmbc9n  ['Donald Trump']@Maximum_Pwr @alexsalvinews @OANN @SpeakerPelosi You missed the #translation
https://t.co/YFoVbUJbET  ['translation']RT @danozzi: all trump supporters should be publicly humiliated by the creators of the art they enjoy until they‚Äôve got no culture left but‚Ä¶  ['Donald Trump']RT @ProudResister: Donald Trump has:

‚úÖ Invited Russia to attack our election

‚úÖ Obstructed justice multiple times

‚úÖ Extorted the presiden‚Ä¶  ['Donald Trump']RT @catturd2: One day the greatest President in US history Donald J Trump will retweet @catturd2. 

I‚Äôm going to will it.  ['Donald Trump']RT @isentoes2: Donald Trump quebrou o protocolo, detalhou a a√ß√£o que aniquilou o l√≠der do ISIS e disse que o terrorista morreu como um cach‚Ä¶  ['Donald Trump']RT @PalmerReport: Nancy Pelosi says she‚Äôs taking Donald Trump‚Äôs impeachment to the next level https://t.co/LnQdzBiYpo  ['Donald Trump']RT @mehdirhasan: Last week, the president's lawyer claimed in open court that Donald Trump could literally shoot someone and not be arreste‚Ä¶  ['Donald Trump']RT @catturd2: One day the greatest President in US history Donald J Trump will retweet @catturd2. 

I‚Äôm going to will it.  ['Donald Trump']RT @JonAshworth: More on that Trump trade deal with the NHS on the table that the Tory Party is gung-ho for üëá https://t.co/u1l6II2RKR  ['Donald Trump']RT @STEPHMHAMILL: No. 

But we would like to know more about your family business dealings in Ukraine and China .. ü§îü§îü§î https://t.co/hDGkL72‚Ä¶  ['Donald Trump']RT @JonAshworth: More on that Trump trade deal with the NHS on the table that the Tory Party is gung-ho for üëá https://t.co/u1l6II2RKR  ['Donald Trump']RT @DeborahMeaden: Surprised? Not Surprised. https://t.co/Lia6LdKk2u  ['Donald Trump']J'ai envie d'aimer un tweet de Donald Trump pour la premi√®re fois de ma vie. Give this dog the Medal of Honor. 

https://t.co/UECvJejT4p  ['Donald Trump']Drain this fvcking @realDonaldTrump swamp before everybody dies  ['Donald Trump']Interesting Donald Trump lamenting the wounding of this dog when he described Abu Bakr al-Baghdadi with contempt as‚Ä¶ https://t.co/7owYEBmbRy  ['Donald Trump']RT @travisakers: @realDonaldTrump https://t.co/pKDnHjZfDK  ['Donald Trump']RT @C4Dispatches: Dispatches discovers how Donald Trump‚Äôs allies and US drug giants want to force the NHS to pay more for US medicines.

Ta‚Ä¶  ['Donald Trump']RT @DeborahMeaden: Surprised? Not Surprised. https://t.co/Lia6LdKk2u  ['Donald Trump']#LetsDoThis  ['LetsDoThis']RT @JonAshworth: More on that Trump trade deal with the NHS on the table that the Tory Party is gung-ho for üëá https://t.co/u1l6II2RKR  ['Donald Trump']RT @JoeBiden: The Russians don't want me to be president, and Trump doesn't want me to be the nominee. But they picked a fight with the wro‚Ä¶  ['Donald Trump']RT @catturd2: One day the greatest President in US history Donald J Trump will retweet @catturd2. 

I‚Äôm going to will it.  ['Donald Trump']RT @JoeBiden: We cannot afford four more years of Donald Trump. https://t.co/KInHL475Gt  ['Donald Trump']RT @catturd2: One day the greatest President in US history Donald J Trump will retweet @catturd2. 

I‚Äôm going to will it.  ['Donald Trump']@UKLabour Maybe the best thing for the n h s let trump take it on at least he gets thing done god bless America and Donald trump  ['Donald Trump']"Doubts over Donald Trump's dramatic account of Baghdadi raid" https://t.co/UAh4ImOfnr #Trump #raid #Baghdadi  ['Trump', 'raid', 'Baghdadi']RT @JonAshworth: More on that Trump trade deal with the NHS on the table that the Tory Party is gung-ho for üëá https://t.co/u1l6II2RKR  ['Donald Trump']RT @JoeBiden: Donald Trump has no strategy for securing our nation against terrorist threats. He has no strategy for anything. Every day th‚Ä¶  ['Donald Trump']RT @isentoes2: Donald Trump quebrou o protocolo, detalhou a a√ß√£o que aniquilou o l√≠der do ISIS e disse que o terrorista morreu como um cach‚Ä¶  ['Donald Trump']RT @eugenegu: Katie Hill and Al Franken had to resign but Donald J. Trump is still President of the United States.  ['Donald Trump']RT @kylegriffin1: Trump was greeted with a thunderous chorus of boos from the sold-out crowd attendance at Game 5 of the World Series. http‚Ä¶  ['Donald Trump']RT @GriffTheImpaler: This is a lie. Megan McArdle never objected to "Lock her up" because she hates Hillary Clinton. https://t.co/cuUNgNy7uQ  ['Donald Trump']@realDonaldTrump @POTUS Donald trump is doggie cruger guys I am telling you !!!!  ['Donald Trump']RT @JonAshworth: More on that Trump trade deal with the NHS on the table that the Tory Party is gung-ho for üëá https://t.co/u1l6II2RKR  ['Donald Trump']RT @LRPow79: Know what the "Goldwater Rule" is? It's a rule in the @APA stating it's "Unethical" for a Psych. Dr. 2 give a pro. opinion on‚Ä¶  ['Donald Trump']RT @jarevalo527: if YG asks me to yell out FUCK DONALD TRUMP best believe im losing my voice saying that shit https://t.co/8VpHz4Zsx1  ['Donald Trump']RT @edgeofday: Trump nominates man whose firm tripled price of insulin to regulate drug companies https://t.co/6PVHOoYGlE  ['Donald Trump']RT @TeamTrump: Just in time for Halloween!

‚ÄòSTOP THE WITCH HUNT‚Äô
@realDonaldTrump merchandise. 

Send a spooky message to Pelosi, Schiff &amp;‚Ä¶  ['Donald Trump']RT @DeborahMeaden: Surprised? Not Surprised. https://t.co/Lia6LdKk2u  ['Donald Trump']RT @ShawnG927: Yes that‚Äôs rapper ‚ÄúYG‚Äù, who cleverly came up with the ‚ÄúF**k Donald Trump lyrics, upset with a fan who actually has the nerve‚Ä¶  ['Donald Trump']RT @TimOBrien: ‚ÄúThe risk of a Senate conviction of President Donald Trump is higher than it may at first appear. This is the conclusion I r‚Ä¶  ['Donald Trump']RT @Jamal_Atamimi: ŸÇÿßŸÑÿ™ #ÿ®ŸÑŸàŸÖÿ®Ÿäÿ±ÿ¨ÿå
ÿßŸÜ ŸÖŸÇÿ™ŸÑ ÿßŸÑÿ®ÿ∫ÿØÿßÿØŸä #ÿ£ÿπÿ∑Ÿâ
 ÿ™ÿ±ÿßŸÖÿ® ÿØŸÅÿπÿ©_ÿ≥Ÿäÿßÿ≥Ÿäÿ©ÿå ŸÉÿßŸÜ ŸÅŸä #ÿ≠ÿßÿ¨ÿ© ÿ•ŸÑŸäŸáÿß ÿü! ÿ£ŸÉÿ´ÿ± ŸÖŸÜ ÿ£Ÿä ŸàŸÇÿ™ ŸÖÿ∂Ÿâÿü! https://t.co/GGSJh‚Ä¶  ['ÿ®ŸÑŸàŸÖÿ®Ÿäÿ±ÿ¨', 'ÿ£ÿπÿ∑Ÿâ', 'ÿ≠ÿßÿ¨ÿ©']RT @danozzi: all trump supporters should be publicly humiliated by the creators of the art they enjoy until they‚Äôve got no culture left but‚Ä¶  ['Donald Trump']RT @FeddiUp: @DonaldJTrumpJr Daddy sent him away to boarding school so he never had to see him, then had to buy him diapers all the way  th‚Ä¶  ['Donald Trump']RT @joncoopertweets: An Entire Baseball Stadium Just Booed The Soul Out Of Donald Trump https://t.co/cD5169ywNZ  ['Donald Trump']Joe‚Äôs inner Trumper was on display today.  ['Donald Trump']RT @USATODAY: The girl faces a misdemeanor charge of battery for the Saturday incident, according to the Collier County Sheriff's Office. h‚Ä¶  ['Donald Trump']RT @andelman: 'Apprentice' Contestant Says She Has Documents Corroborating Donald Trump Sexual Assault https://t.co/O5ViFKSu3k via @thr  ['Donald Trump']RT @K_JeanPierre: Donald Trump greeted with boos and with ‚Äòlock him‚Äù up chants at World Series last night. 
 https://t.co/boAyiRtxTd  ['Donald Trump']Samantha did not give an award-winning speech on the perils and immorality of child labor to be besmirched this way  ['Donald Trump']RT @Rosie: sick https://t.co/hItlptNHHA  ['Donald Trump']RT @JuliaDavisNews: Trump was greeted with a thunderous chorus of boos from the sold-out crowd attendance at Game 5 of the World Series bet‚Ä¶  ['Donald Trump']RT @mspdcali: ‚ÄúWhenever I see an article.. by CNN‚Äù... I feel like I‚Äôm standing in a grocery store checkout line..looking at the ‚ÄúFake Natio‚Ä¶  ['Donald Trump']RT @isentoes2: Donald Trump quebrou o protocolo, detalhou a a√ß√£o que aniquilou o l√≠der do ISIS e disse que o terrorista morreu como um cach‚Ä¶  ['Donald Trump']RT @cunat_n: @RepDougCollins @TheJusticeDept So Doug, saw where Donald Jr. helped you raise $300k. If you get the Senate appointment for @S‚Ä¶  ['Donald Trump']RT @JoyceWhiteVance: A Congresswoman is resigning because of revenge porn. Meanwhile, the president continues to get a pass. https://t.co/f‚Ä¶  ['Donald Trump']RT @PalmerReport: Donald Trump's day so far:

- House voting on impeachment resolution on Thursday
- Testimony and transcripts will become‚Ä¶  ['Donald Trump']What Jim Mattis Really Thought of Donald Trump https://t.co/7ySnZfUk0H  ['Donald Trump']RT @danpfeiffer: ‚ÄúLet‚Äôs check in with our North Korean correspondent for a report on last night‚Äôs game‚Äù https://t.co/I2YOOVYiO2  ['Donald Trump']RT @JWepp: nah this is weird though, another man not making me say shit. Dude can‚Äôt just be at the concert to be a fan of music? https://t.‚Ä¶  ['Donald Trump']What a turdüí©  ['Donald Trump']RT @UKLabour: The actions of Tory MPs and the inaction of Lib Dems last week leaves our NHS open to trade deals with Donald Trump. 
This sh‚Ä¶  ['Donald Trump']RT @isentoes2: Donald Trump quebrou o protocolo, detalhou a a√ß√£o que aniquilou o l√≠der do ISIS e disse que o terrorista morreu como um cach‚Ä¶  ['Donald Trump']@Peter_Wehner @ChrisCoons @realDonaldTrump I also agree with @ChrisCoons. The office of the president deserves our‚Ä¶ https://t.co/4f3YP4MmeO  ['Donald Trump']RT @BillTzamaras: #PresidentFUBAR was booed for taking children from their families; running up the national debt; cheerleading violence ag‚Ä¶  ['PresidentFUBAR']RT @iitsarmand: How we treat Donald Trump supporters üëä ‚ùå!! YG Mala Luna Festival San Antonio 2019 https://t.co/Ov6UTaZqSu  ['Donald Trump']RT @C_3C_3: Wrap your head around this.

During the last year of the Obama Administration, Obama and his Intel Community focused more on de‚Ä¶  ['Donald Trump']RT @JonAshworth: More on that Trump trade deal with the NHS on the table that the Tory Party is gung-ho for üëá https://t.co/u1l6II2RKR  ['Donald Trump']RT @K_JeanPierre: Donald Trump greeted with boos and with ‚Äòlock him‚Äù up chants at World Series last night. 
 https://t.co/boAyiRtxTd  ['Donald Trump']RT @isentoes2: Donald Trump quebrou o protocolo, detalhou a a√ß√£o que aniquilou o l√≠der do ISIS e disse que o terrorista morreu como um cach‚Ä¶  ['Donald Trump']RT @DerekCressman: Donald got what he wanted: Democrats Plan First Floor Vote on Impeachment Inquiry 

Happy now? https://t.co/stw1lGGITM  ['Donald Trump']RT @KailiJoy: Donald Trump should be booed whenever he dares to show his face in public for the rest of his life. 

That‚Äôs it. That‚Äôs the t‚Ä¶  ['Donald Trump']RT @isentoes2: Donald Trump quebrou o protocolo, detalhou a a√ß√£o que aniquilou o l√≠der do ISIS e disse que o terrorista morreu como um cach‚Ä¶  ['Donald Trump']RT @iitsarmand: How we treat Donald Trump supporters üëä ‚ùå!! YG Mala Luna Festival San Antonio 2019 https://t.co/Ov6UTaZqSu  ['Donald Trump']RT @dswhisperer: Seriously people, if you have reached this level of petty bitter hatred for anyone it‚Äôs time to re-evaluate your life and‚Ä¶  ['Donald Trump']RT @WordswithSteph: Donald Trump was greeted with angry boos at Game 5 of the World Series. Fans chanted rousing Resister refrains of ‚Äúlock‚Ä¶  ['Donald Trump']RT @HoarseWisperer: For the first time in his three-year presidency, Donald Trump faced a crowd made up of actual constituents and not just‚Ä¶  ['Donald Trump']@MBertnel @JWepp @Tae_Otb_24 Yea it‚Äôs called fuck Donald trumpü§°ü§°  ['Donald Trump']RT @bornmiserable: Charlie Kirk blocked me because I said he didn't know what a vagina looked like, so good luck with that https://t.co/5tK‚Ä¶  ['Donald Trump']RT @JoeBiden: Donald Trump has no strategy for securing our nation against terrorist threats. He has no strategy for anything. Every day th‚Ä¶  ['Donald Trump']RT @XXL: YG invites fan on stage to yell out "F**k Donald Trump," kicks him off after he refuses  https://t.co/7z9r9gVXav  ['Donald Trump']RT @TheRynheart: ‚ÄòEvangelical Christian Pastor Perry Stone has claimed that Democratic lawmakers "have demons in them" and are "trying to p‚Ä¶  ['Donald Trump']RT @B52Malmet: When you arrive late to the game, get boo‚Äôed, hear this chant aimed at you: #LockHimUp and leave early. Baseball‚Äôs been very‚Ä¶  ['LockHimUp']@RT_com That's why we are seeking to remove Donald J Trump. They prey/pray on/over the Children, for a False Profit/Prophet.üòé  ['Donald Trump']RT @PrayerHarbor: ISIS OPERATIONS PRAYERS
Dear Lord, Please spiritually protect President Donald Trump and the Generals and please physical‚Ä¶  ['Donald Trump']RT @yovotoalgato: Les dejo esta perlita de Donald Trump. Para entender lo que pasa en Iberoam√©rica, otros pa√≠ses del orbe y por qu√© los Mad‚Ä¶  ['Donald Trump']RT @Mikel_Jollett: @JoeNBC Hillary Clinton committed no crimes. They chanted ‚ÄúLock her up!‚Äù because she is a powerful woman whose mere exis‚Ä¶  ['Donald Trump']RT @PaulLidicul: What's the difference between Donald Trump and @mattgaetz at a baseball game?

One gets lots of boos and the other gets lo‚Ä¶  ['Donald Trump']RT @catturd2: One day the greatest President in US history Donald J Trump will retweet @catturd2. 

I‚Äôm going to will it.  ['Donald Trump']RT @JasonOverstreet: Donald Trump found out tonight that when he doesn‚Äôt go to one of his psycho rallies, but rather to a real stadium full‚Ä¶  ['Donald Trump']RT @renato_mariotti: Chicago is not the war zone that Donald Trump makes it out to be.  He would know that if he spent time among the many‚Ä¶  ['Donald Trump']Absolutely this.  ['Donald Trump']RT @iitsarmand: How we treat Donald Trump supporters üëä ‚ùå!! YG Mala Luna Festival San Antonio 2019 https://t.co/Ov6UTaZqSu  ['Donald Trump']RT @Rosie: MSNBC‚Äôs Joe Scarborough screws up royally - calls World Series fans ‚Äòun-American‚Äô over anti-Trump ‚Äòlock him up‚Äô chants - the nat‚Ä¶  ['Donald Trump']RT @Rosie: MSNBC‚Äôs Joe Scarborough screws up royally - calls World Series fans ‚Äòun-American‚Äô over anti-Trump ‚Äòlock him up‚Äô chants - the nat‚Ä¶  ['Donald Trump']Donald J. Trump Retweeted. . .  ['Donald Trump']RT @catturd2: One day the greatest President in US history Donald J Trump will retweet @catturd2. 

I‚Äôm going to will it.  ['Donald Trump']RT @TheFooCommunity: YG‚Äôs Foo card has just been approved ‚úÖ https://t.co/dHWPmQFaAx  ['Donald Trump']RT @GMSarli: @realDonaldTrump That's a troll account, man.

Most of your "followers" don't exist.

This is all an illusion to make you thin‚Ä¶  ['Donald Trump']RT @catturd2: One day the greatest President in US history Donald J Trump will retweet @catturd2. 

I‚Äôm going to will it.  ['Donald Trump']RT @TheKingofReads: He‚Äôs just like his bestie Donald Trump, facts truly don‚Äôt matter. https://t.co/DfX7T86wA4  ['Donald Trump']RT @JonAshworth: More on that Trump trade deal with the NHS on the table that the Tory Party is gung-ho for üëá https://t.co/u1l6II2RKR  ['Donald Trump']Bill.... I‚Äôm so giddy this is finally happening, and the delightful juicy cherry on the top is that Donald started‚Ä¶ https://t.co/WAF05cvkp4  ['Donald Trump']RT @DeborahMeaden: Surprised? Not Surprised. https://t.co/Lia6LdKk2u  ['Donald Trump']RT @catturd2: One day the greatest President in US history Donald J Trump will retweet @catturd2. 

I‚Äôm going to will it.  ['Donald Trump']RT @JanessaVela: LMAO at the people who said that he shouldn‚Äôt use his platform like that cus the dude is a fan. Don‚Äôt play victim when all‚Ä¶  ['Donald Trump']RT @joncoopertweets: An Entire Baseball Stadium Just Booed The Soul Out Of Donald Trump https://t.co/cD5169ywNZ  ['Donald Trump']RT @renato_mariotti: Chicago is not the war zone that Donald Trump makes it out to be.  He would know that if he spent time among the many‚Ä¶  ['Donald Trump']RT @catturd2: One day the greatest President in US history Donald J Trump will retweet @catturd2. 

I‚Äôm going to will it.  ['Donald Trump']RT @JuanIsidro: La misma noche que un estadio entero le gritaba a cosas a Donald Trump, el hombre m√°s poderoso del planeta, y se lo tuvo qu‚Ä¶  ['Donald Trump']RT @DavidCayJ: re dislike for my column:

My concern is only for the health our democracy after Donald is gone, hopefully prosecuted.

Be w‚Ä¶  ['Donald Trump']RT @yovotoalgato: Les dejo esta perlita de Donald Trump. Para entender lo que pasa en Iberoam√©rica, otros pa√≠ses del orbe y por qu√© los Mad‚Ä¶  ['Donald Trump']https://t.co/zdc7mPuyN4  ['Donald Trump']RT @EmersenLee: Put your glasses on, Boo...you missed yesterday‚Äôs headlines. https://t.co/VHSeQZGuq9  ['Donald Trump']RT @jarevalo527: if YG asks me to yell out FUCK DONALD TRUMP best believe im losing my voice saying that shit https://t.co/8VpHz4Zsx1  ['Donald Trump']RT @owillis: House to hold first formal vote on impeachment inquiry of Trump https://t.co/n0KUCxStJM  ['Donald Trump']RT @JonAshworth: More on that Trump trade deal with the NHS on the table that the Tory Party is gung-ho for üëá https://t.co/u1l6II2RKR  ['Donald Trump']RT @catturd2: One day the greatest President in US history Donald J Trump will retweet @catturd2. 

I‚Äôm going to will it.  ['Donald Trump']Darn, I missed that class.  ['Donald Trump']RT @brianbeutler: To translate: Trump knows he's guilty of what he's accused of and his only way out is for Republicans to sanction his beh‚Ä¶  ['Donald Trump']RT @JoyceWhiteVance: A Congresswoman is resigning because of revenge porn. Meanwhile, the president continues to get a pass. https://t.co/f‚Ä¶  ['Donald Trump']RT @oxminaox: Congresswoman Katie Hill‚Äôs abusive ex-husband leaked nude photos of her. She resigned today from Congress. 

Donald Trump has‚Ä¶  ['Donald Trump']RT @LisaBritton: What the  ‚Äî
I said it before and I‚Äôll say it again... Donald Trump was the greatest gift to the feminist movement.
 https:‚Ä¶  ['Donald Trump']RT @TaraForTrump: Hahahaha.......  deep breath......hahahaha!! 

Oh Joe! You are so lost. 

President @realDonaldTrump has a strategy for E‚Ä¶  ['Donald Trump']RT @msfauxreporter: @Avenger2Toxic Is Susan Rice delusional.  Obama lead a COUP against President Donald J. Trump and she whines that Pres‚Ä¶  ['Donald Trump']RT @BillPalmer: Nancy Pelosi says she's taking Donald Trump's impeachment to the next level https://t.co/zWzAJasAa6  ['Donald Trump'].they're afraid even their neutral comments will earn them a #WaPoDeathNotices  that reads
#GeorgeWBush  /‚Ä¶ https://t.co/YQkLmiFxXb  ['WaPoDeathNotices', 'GeorgeWBush']RT @JonAshworth: More on that Trump trade deal with the NHS on the table that the Tory Party is gung-ho for üëá https://t.co/u1l6II2RKR  ['Donald Trump']RT @TruckFu00409817: THIS is exactly why I love baseball! There's definitely a reason this is America's game.
https://t.co/phjOl6XJ3r  ['Donald Trump']RT @catturd2: One day the greatest President in US history Donald J Trump will retweet @catturd2. 

I‚Äôm going to will it.  ['Donald Trump']RT @isentoes2: Donald Trump quebrou o protocolo, detalhou a a√ß√£o que aniquilou o l√≠der do ISIS e disse que o terrorista morreu como um cach‚Ä¶  ['Donald Trump']RT @catturd2: One day the greatest President in US history Donald J Trump will retweet @catturd2. 

I‚Äôm going to will it.  ['Donald Trump']RT @catturd2: One day the greatest President in US history Donald J Trump will retweet @catturd2. 

I‚Äôm going to will it.  ['Donald Trump']#WhatAMoron  ['WhatAMoron']RT @EdwardTHardy: Donald Trump thanked Russia for their support with the raid that killed Abu Bakr al Baghdadi

One problem

Russia claims‚Ä¶  ['Donald Trump']RT @PalmerReport: Donald Trump's day so far:

- House voting on impeachment resolution on Thursday
- Testimony and transcripts will become‚Ä¶  ['Donald Trump']O kadar asker dururken, El Baƒüdadi'yi bu k√∂pek mi halletti ≈üimdi? 
Ne diyorsun Donald, iyi misin Trump!?  ['Donald Trump']RT @PalmerReport: Donald Trump's day so far:

- House voting on impeachment resolution on Thursday
- Testimony and transcripts will become‚Ä¶  ['Donald Trump']@realDonaldTrump DJT, you should say something about John Kelly. 

https://t.co/G9b1A9fMkW

@realDonaldTrump @POTUS  ['Donald Trump']Donald J. Trump on Twitter https://t.co/axWqyi5LI2  ['Donald Trump']RT @isentoes2: Donald Trump quebrou o protocolo, detalhou a a√ß√£o que aniquilou o l√≠der do ISIS e disse que o terrorista morreu como um cach‚Ä¶  ['Donald Trump']RT @eugenegu: @realDonaldTrump That dog (name not declassified) would make a much better President than Donald J. Trump.  ['Donald Trump']RT @CNNEE: As√≠ fue el bochornoso momento que vivi√≥ Donald Trump en un estadio mientras la gente gritaba ‚ÄúEnci√©rrenlo‚Äù https://t.co/CSjXBjbR‚Ä¶  ['Donald Trump']RT @BillTzamaras: #PresidentFUBAR was booed for taking children from their families; running up the national debt; cheerleading violence ag‚Ä¶  ['PresidentFUBAR']RT @UKLabour: The actions of Tory MPs and the inaction of Lib Dems last week leaves our NHS open to trade deals with Donald Trump. 
This sh‚Ä¶  ['Donald Trump']RT @redfishstream: Argentinians have unseated Mauricio Macri, a close friend of Donald Trump, in the country's presidential elections. 

Fr‚Ä¶  ['Donald Trump']RT @C4Dispatches: Dispatches discovers how Donald Trump‚Äôs allies and US drug giants want to force the NHS to pay more for US medicines.

Ta‚Ä¶  ['Donald Trump']RT @C4Dispatches: Dispatches discovers how Donald Trump‚Äôs allies and US drug giants want to force the NHS to pay more for US medicines.

Ta‚Ä¶  ['Donald Trump']RT @catturd2: One day the greatest President in US history Donald J Trump will retweet @catturd2. 

I‚Äôm going to will it.  ['Donald Trump']The left at it again:  ['Donald Trump']RT @EmeraldRobinson: The same people who jeered Trump last night are the same people who subscribe to the Washington Post are the same peop‚Ä¶  ['Donald Trump']Pay your bills Donald !!!  ['Donald Trump']Donald Trump stomps on al-Baghdadi's grave in speech to police chiefs
#winning #Trump2020  https://t.co/qFDDk3ZASH  ['winning', 'Trump2020']61- Melanie quando o Donald Trump foi eleito. https://t.co/5YAMZjnRQA  ['Donald Trump']Loved it !  ['Donald Trump']RT @edgeofday: Trump nominates man whose firm tripled price of insulin to regulate drug companies https://t.co/6PVHOoYGlE  ['Donald Trump']RT @KernowGold: On Channel 4 tonight at 8pm. U.K. trade reps in discussions with US pharma. Seeing as US pharma tells the US what to pay, w‚Ä¶  ['Donald Trump']RT @fred_guttenberg: This is exactly what America wants to say to the current occupant of the White House.  This is the reality of how Amer‚Ä¶  ['Donald Trump']RT @B52Malmet: When you arrive late to the game, get boo‚Äôed, hear this chant aimed at you: #LockHimUp and leave early. Baseball‚Äôs been very‚Ä¶  ['LockHimUp']RT @DephaseuR: y‚Äôa un petit qui fait des lives insta o√π il bedave, parle de gang etc, c‚Äôest pas Donald Trump et Arouf Gangsta lui ont envoy‚Ä¶  ['Donald Trump']RT @JoeBiden: Donald Trump has no strategy for securing our nation against terrorist threats. He has no strategy for anything. Every day th‚Ä¶  ['Donald Trump']Hey @mattgaetz, @LindseyGrahamSC, @JohnCornyn, @RepMarkMeadows, et al., üëáüëáüëáüëáüëáüëáüëáüëáüëáüëáüëáüëáüëáüëáüëáüëá  ['Donald Trump']RT @danozzi: all trump supporters should be publicly humiliated by the creators of the art they enjoy until they‚Äôve got no culture left but‚Ä¶  ['Donald Trump']RT @Mikel_Jollett: Hillary Clinton committed no crimes. They chanted ‚ÄúLock her up!‚Äù because she is a powerful woman whose mere existence br‚Ä¶  ['Donald Trump']RT @DineshDSouza: This headline could just as easily have read, ‚ÄúUS academic  educated beyond his intelligence sheepishly admits Donald Tru‚Ä¶  ['Donald Trump']RT @ElieNYC: I think Donald Trump has been more disrespectful to the office of the President of the United States than a stadium full of Am‚Ä¶  ['Donald Trump']I am not crazy about who took this song to a so called hit but this is a totally awesome with my favorite President‚Ä¶ https://t.co/u8yjXq3JLp  ['Donald Trump']@dici69 Donald Trump.  ['Donald Trump']RT @oxminaox: Congresswoman Katie Hill‚Äôs abusive ex-husband leaked nude photos of her. She resigned today from Congress. 

Donald Trump has‚Ä¶  ['Donald Trump']RT @oxminaox: Congresswoman Katie Hill‚Äôs abusive ex-husband leaked nude photos of her. She resigned today from Congress. 

Donald Trump has‚Ä¶  ['Donald Trump']RT @Blue2Reaganite: The left and the Mainstream Media would have loved nothing more than to have the mission foiled, the terrorist escape a‚Ä¶  ['Donald Trump']RT @DavidCayJ: re dislike for my column:

My concern is only for the health our democracy after Donald is gone, hopefully prosecuted.

Be w‚Ä¶  ['Donald Trump']RT @thomasomelia: Astute analysis by @SangerNYT "The mission of the American Century ‚Äî helping other nations to develop their economies and‚Ä¶  ['Donald Trump']RT @PubRunSA: Find me this guy! I want to buy him all the drinks at Pub Run!! üá∫üá∏üá∫üá∏üá∫üá∏ https://t.co/pDlTVNpQrm  ['Donald Trump']RT @PalmerReport: Hey Donald Trump, something very big has happened!

You're being impeached!  ['Donald Trump']RT @isentoes2: Donald Trump quebrou o protocolo, detalhou a a√ß√£o que aniquilou o l√≠der do ISIS e disse que o terrorista morreu como um cach‚Ä¶  ['Donald Trump']It's the Great Pumpkin Charlie Brown  ['Donald Trump']RT @isentoes2: Donald Trump quebrou o protocolo, detalhou a a√ß√£o que aniquilou o l√≠der do ISIS e disse que o terrorista morreu como um cach‚Ä¶  ['Donald Trump']RT @JoeBiden: Donald Trump has no strategy for securing our nation against terrorist threats. He has no strategy for anything. Every day th‚Ä¶  ['Donald Trump']RT @PalmerReport: Donald Trump's day so far:

- Goes to World Series game
- Crowd loudly chants "LOCK HIM UP!" when Trump appears on video‚Ä¶  ['Donald Trump']RT @PalmerReport: Donald Trump's day so far:

- Utterly deranged press conference
- His Baghdadi raid story is falling apart
- Even Russia‚Ä¶  ['Donald Trump']RT @JonAshworth: As we‚Äôve been saying you simply can‚Äôt trust Boris Johnson when it comes to our NHS and a US Trump trade deal. üëá https://t.‚Ä¶  ['Donald Trump']RT @C4Dispatches: Dispatches discovers how Donald Trump‚Äôs allies and US drug giants want to force the NHS to pay more for US medicines.

Ta‚Ä¶  ['Donald Trump']RT @stclairashley: The fact that DC elites hate Donald Trump and booed him at a baseball game is one of the many reasons middle America ele‚Ä¶  ['Donald Trump']Can‚Äôt make this stuff up  ['Donald Trump']@AndrewYang Your candidacy, for me, is about way more than just beating Donald Trump, it‚Äôs about putting USA on an‚Ä¶ https://t.co/CJoCu4gHnD  ['Donald Trump']RT @torilynngatlin: my sister went to this concert last night and this is not okay.  He came to watch YOU, and just because he didn‚Äôt say ‚Äú‚Ä¶  ['Donald Trump']RT @lrozen: ‚ÄúTrump did not sit with the Lerner family, the principal owners of the Nationals. A representative for the Lerner family put in‚Ä¶  ['Donald Trump']RT @danozzi: all trump supporters should be publicly humiliated by the creators of the art they enjoy until they‚Äôve got no culture left but‚Ä¶  ['Donald Trump']RT @catturd2: One day the greatest President in US history Donald J Trump will retweet @catturd2. 

I‚Äôm going to will it.  ['Donald Trump']RT @Susweca2: CRIMINAL. All he'll do is raise prices even more. I know a family whose son died  because they couldn't afford his  insulin.‚Ä¶  ['Donald Trump']RT @catturd2: One day the greatest President in US history Donald J Trump will retweet @catturd2. 

I‚Äôm going to will it.  ['Donald Trump']RT @K_JeanPierre: Donald Trump greeted with boos and with ‚Äòlock him‚Äù up chants at World Series last night. 
 https://t.co/boAyiRtxTd  ['Donald Trump']RT @C4Dispatches: Dispatches discovers how Donald Trump‚Äôs allies and US drug giants want to force the NHS to pay more for US medicines.

Ta‚Ä¶  ['Donald Trump']@RandPaul look in the mirror before you spout and make a fool of yourself. Racist pig.  ['Donald Trump']RT @eugenegu: @realDonaldTrump That dog (name not declassified) would make a much better President than Donald J. Trump.  ['Donald Trump']RT @C4Dispatches: Dispatches discovers how Donald Trump‚Äôs allies and US drug giants want to force the NHS to pay more for US medicines.

Ta‚Ä¶  ['Donald Trump']RT @isentoes2: Donald Trump quebrou o protocolo, detalhou a a√ß√£o que aniquilou o l√≠der do ISIS e disse que o terrorista morreu como um cach‚Ä¶  ['Donald Trump']RT @XXL: YG invites fan on stage to yell out "F**k Donald Trump," kicks him off after he refuses  https://t.co/7z9r9gVXav  ['Donald Trump']RT @InactionNever: @mmpadellan @joenbc is human garbage.
Don‚Äôt take my word for it, watch this! üëáüèæ

That Time Joe Scarborough Laughed at Do‚Ä¶  ['Donald Trump']The House will vote this week on whether to affirm the impeachment inquiry into Donald Trump.  See PO-110MO. https://t.co/cLRMzbG2Lj  ['Donald Trump']#realDonaldTrump  ['realDonaldTrump']RT @WashTimes: Rapper YG boots fan from concert for refusing to yell 'F-- Donald Trump' https://t.co/4dRRwDs8lv  ['Donald Trump']RT @JoeBiden: The Russians don't want me to be president, and Trump doesn't want me to be the nominee. But they picked a fight with the wro‚Ä¶  ['Donald Trump']RT @catturd2: One day the greatest President in US history Donald J Trump will retweet @catturd2. 

I‚Äôm going to will it.  ['Donald Trump']RT @XXL: YG invites fan on stage to yell out "F**k Donald Trump," kicks him off after he refuses  https://t.co/7z9r9gVXav  ['Donald Trump']Trump's Plan for the NHS
Please, please watch this on All4 catch-up if you didn't see it live tonight. If‚Ä¶ https://t.co/WDuPaJ9VEH  ['Donald Trump']RT @sunny: ü§£üëáüèΩ https://t.co/nzvho8KTj1  ['Donald Trump']RT @JonAshworth: More on that Trump trade deal with the NHS on the table that the Tory Party is gung-ho for üëá https://t.co/u1l6II2RKR  ['Donald Trump']RT @ElieNYC: I think Donald Trump has been more disrespectful to the office of the President of the United States than a stadium full of Am‚Ä¶  ['Donald Trump']RT @PalmerReport: Donald Trump's day so far:

- House voting on impeachment resolution on Thursday
- Testimony and transcripts will become‚Ä¶  ['Donald Trump']RT @shannonrwatts: Nats fans boo Donald Trump after he‚Äôs shown on the big screen and then chant, ‚ÄúLock him up.‚Äù

https://t.co/WJvgbyDb4e  ['Donald Trump']RT @catturd2: One day the greatest President in US history Donald J Trump will retweet @catturd2. 

I‚Äôm going to will it.  ['Donald Trump']RT @danpfeiffer: ‚ÄúLet‚Äôs check in with our North Korean correspondent for a report on last night‚Äôs game‚Äù https://t.co/I2YOOVYiO2  ['Donald Trump']RT @RenovaMidia: Donald Trump, presidente dos #EUA, afirmou que pode vir a liberar trechos do v√≠deo da opera√ß√£o militar que terminou com a‚Ä¶  ['EUA']RT @catturd2: One day the greatest President in US history Donald J Trump will retweet @catturd2. 

I‚Äôm going to will it.  ['Donald Trump']RT @PalmerReport: Donald Trump‚Äôs curse https://t.co/gRrRGVgWWI  ['Donald Trump']Brilliant!  ['Donald Trump']RT @isentoes2: Donald Trump quebrou o protocolo, detalhou a a√ß√£o que aniquilou o l√≠der do ISIS e disse que o terrorista morreu como um cach‚Ä¶  ['Donald Trump']RT @thomasomelia: Astute analysis by @SangerNYT "The mission of the American Century ‚Äî helping other nations to develop their economies and‚Ä¶  ['Donald Trump']Perfect.... Let's hope impeachment works  ['Donald Trump']RT @ayeIceCold: I love to see this https://t.co/TRSfvxXw4f  ['Donald Trump']RT @PalmerReport: Donald Trump's day so far:

- House voting on impeachment resolution on Thursday
- Testimony and transcripts will become‚Ä¶  ['Donald Trump']RT @DeborahMeaden: Surprised? Not Surprised. https://t.co/Lia6LdKk2u  ['Donald Trump']RT @lrozen: ‚ÄúTrump did not sit with the Lerner family, the principal owners of the Nationals. A representative for the Lerner family put in‚Ä¶  ['Donald Trump']RT @Rosie: MSNBC‚Äôs Joe Scarborough screws up royally - calls World Series fans ‚Äòun-American‚Äô over anti-Trump ‚Äòlock him up‚Äô chants - the nat‚Ä¶  ['Donald Trump']RT @tar3nnn: this was big lame /: like that was your FAN. do better YG https://t.co/4VHJHen2mR  ['Donald Trump']RT @keithboykin: I‚Äôm 100 percent with Andrew Gillum and Kamala Harris on this one. It‚Äôs an insult to HBCUs and to black communities for Tru‚Ä¶  ['Donald Trump']RT @yallhorny: üíÄüòÇ https://t.co/FdDASyXNmA  ['Donald Trump']RT @RealDeanCain: Disgusting. https://t.co/xfubbq0p1j  ['Donald Trump']RT @HoarseWisperer: For the first time in his three-year presidency, Donald Trump faced a crowd made up of actual constituents and not just‚Ä¶  ['Donald Trump']@GOP @TheIACP @realDonaldTrump https://t.co/MGUr5pQd2E  ['Donald Trump']These supposed evangelicals know nothing about Christianity,or God. You can't make outrageous stupid comments and f‚Ä¶ https://t.co/OIrdz4a1hE  ['Donald Trump']I dont care what you think about donald trump, we can all agree that this is a good post and a good girl  ['Donald Trump']RT @ARmastrangelo: YG brings a fan on stage and tells him to say ‚ÄúF*** Donald Trump.‚Äù The fan wouldn‚Äôt do it.

Leftists always assume that‚Ä¶  ['Donald Trump']RT @ARmastrangelo: YG brings a fan on stage and tells him to say ‚ÄúF*** Donald Trump.‚Äù The fan wouldn‚Äôt do it.

Leftists always assume that‚Ä¶  ['Donald Trump']FOTO | Viorica DƒÉncilƒÉ, apropiere misterioasƒÉ de Rudy Giuliani, avocatul lui Donald Trump https://t.co/jSwJExTQQZ  ['Donald Trump']RT @Joshua4Congress: Joe Biden       Donald Trump
                      ü§ù
                  Racism
                  Pro-war
   Apologize f‚Ä¶  ['Donald Trump']RT @JonAshworth: More on that Trump trade deal with the NHS on the table that the Tory Party is gung-ho for üëá https://t.co/u1l6II2RKR  ['Donald Trump']RT @JonAshworth: More on that Trump trade deal with the NHS on the table that the Tory Party is gung-ho for üëá https://t.co/u1l6II2RKR  ['Donald Trump']RT @mog7546: #RandPaul COMPLAINS about 'INCIVILITY' months after telling Rep. Omar to leave the country

The #Kentucky Republican offered t‚Ä¶  ['RandPaul', 'Kentucky']RT @fletchh11: Mad respect for this kid https://t.co/ZQby1K9w17  ['Donald Trump']RT @catturd2: One day the greatest President in US history Donald J Trump will retweet @catturd2. 

I‚Äôm going to will it.  ['Donald Trump']RT @jarevalo527: if YG asks me to yell out FUCK DONALD TRUMP best believe im losing my voice saying that shit https://t.co/8VpHz4Zsx1  ['Donald Trump']RT @XXL: YG invites fan on stage to yell out "F**k Donald Trump," kicks him off after he refuses  https://t.co/7z9r9gVXav  ['Donald Trump']RT @catturd2: One day the greatest President in US history Donald J Trump will retweet @catturd2. 

I‚Äôm going to will it.  ['Donald Trump']RT @giantspls: This is why those losers won‚Äôt win another game https://t.co/DhMJS8caHs  ['Donald Trump']The President of the United States,  Donald Trump!  ['Donald Trump']RT @catturd2: One day the greatest President in US history Donald J Trump will retweet @catturd2. 

I‚Äôm going to will it.  ['Donald Trump']RT @TeamTrump: SHOP: https://t.co/hJj4GmELpM https://t.co/TXMsEWMqmW  ['Donald Trump']RT @RealDeanCain: Disgusting. https://t.co/xfubbq0p1j  ['Donald Trump']RT @LRPow79: Know what the "Goldwater Rule" is? It's a rule in the @APA stating it's "Unethical" for a Psych. Dr. 2 give a pro. opinion on‚Ä¶  ['Donald Trump']RT @ElieNYC: I think Donald Trump has been more disrespectful to the office of the President of the United States than a stadium full of Am‚Ä¶  ['Donald Trump']RT @DerekCressman: Donald got what he wanted: Democrats Plan First Floor Vote on Impeachment Inquiry 

Happy now? https://t.co/stw1lGGITM  ['Donald Trump']RT @Koltn1: no matter what or who you support, this is not acceptable under any circumstance. https://t.co/XSADuhFCQA  ['Donald Trump']RT @C4Dispatches: Dispatches discovers how Donald Trump‚Äôs allies and US drug giants want to force the NHS to pay more for US medicines.

Ta‚Ä¶  ['Donald Trump']